1	01_catalog	catalog_paths	src/info_file.rs	1117	1775
2	01_catalog	catalog_defaults	src/info_file.rs	971	1015
3	01_catalog	catalog_loading	src/info_file.rs	2886	3772
4	01_catalog	solution_paths	src/exercise.rs	7065	7743
5	01_catalog	manifest_boundaries	src/cargo_toml.rs	385	865
6	01_catalog	manifest_targets	src/cargo_toml.rs	1024	2384
7	01_catalog	manifest_update	src/cargo_toml.rs	2449	3079
8	02_checker	cargo_metadata	src/cmd.rs	2782	3642
9	02_checker	cargo_arguments	src/cmd.rs	3644	4296
10	02_checker	process_status	src/cmd.rs	435	2581
11	02_checker	binary_location	src/cmd.rs	4392	4870
12	02_checker	command_tail	src/cmd.rs	4996	5160
13	02_checker	runtime_failure	src/exercise.rs	1181	2246
14	02_checker	checker_pipeline	src/exercise.rs	3505	6324
15	02_checker	exercise_entry	src/exercise.rs	6443	6606
16	02_checker	solution_entry	src/exercise.rs	6736	7063
17	03_distribution	idempotent_directory	src/embedded.rs	758	1022
18	03_distribution	chapter_readme	src/embedded.rs	1172	1687
19	03_distribution	materialize_exercises	src/embedded.rs	2008	3485
20	03_distribution	restore_exercise	src/embedded.rs	3487	3871
21	03_distribution	reveal_solution	src/embedded.rs	3934	4869
22	03_distribution	initialize_workspace	src/init.rs	591	7529
23	04_progress	load_progress	src/app_state.rs	1503	6241
24	04_progress	pending_count	src/app_state.rs	6471	6563
25	04_progress	persist_progress	src/app_state.rs	7213	8116
26	04_progress	select_index	src/app_state.rs	8118	8467
27	04_progress	select_name	src/app_state.rs	8469	8931
28	04_progress	completion_count	src/app_state.rs	9070	9513
29	04_progress	reopen_exercise	src/app_state.rs	9575	9755
30	04_progress	reset_source	src/app_state.rs	9894	10735
31	04_progress	reset_current	src/app_state.rs	10737	10966
32	04_progress	reset_by_index	src/app_state.rs	11024	11387
33	04_progress	next_pending	src/app_state.rs	11479	12185
34	04_progress	solution_visibility	src/app_state.rs	12370	12967
35	04_progress	parallel_check_all	src/app_state.rs	12969	16895
36	04_progress	save_check_all	src/app_state.rs	16967	17210
37	04_progress	advance_progress	src/app_state.rs	17506	18471
38	04_progress	finish_message	src/app_state.rs	18473	18864
39	04_progress	single_run_result	src/run.rs	309	1889
40	05_terminal	terminal_budget	src/term.rs	415	582
41	05_terminal	ascii_width	src/term.rs	1007	1268
42	05_terminal	unicode_width	src/term.rs	1270	1648
43	05_terminal	progress_counter	src/term.rs	2489	2678
44	05_terminal	progress_bar	src/term.rs	3944	5401
45	05_terminal	canonical_paths	src/term.rs	5870	6265
46	05_terminal	file_link_frame	src/term.rs	6267	6707
47	05_terminal	file_hyperlink	src/term.rs	6709	7111
48	05_terminal	ansi_buffer	src/term.rs	7113	7465
49	06_navigation	scroll_initial	src/list/scroll_state.rs	206	567
50	06_navigation	scroll_window	src/list/scroll_state.rs	632	1188
51	06_navigation	scroll_next	src/list/scroll_state.rs	1396	1563
52	06_navigation	scroll_previous	src/list/scroll_state.rs	1565	1727
53	06_navigation	scroll_resize	src/list/scroll_state.rs	1976	2246
54	06_navigation	scroll_padding	src/list/scroll_state.rs	2248	2388
55	06_navigation	scroll_viewport	src/list/scroll_state.rs	2483	2696
56	06_navigation	list_model	src/list/state.rs	1330	2857
57	06_navigation	list_resize	src/list/state.rs	2859	3418
58	06_navigation	list_rows	src/list/state.rs	4319	6491
59	06_navigation	list_render	src/list/state.rs	6493	11260
60	06_navigation	list_filter	src/list/state.rs	11262	11842
61	06_navigation	list_index_mapping	src/list/state.rs	12370	13170
62	06_navigation	list_reset	src/list/state.rs	13172	13708
63	06_navigation	list_search	src/list/state.rs	13710	14652
64	06_navigation	list_open	src/list/state.rs	14709	15112
65	06_navigation	list_keys	src/list.rs	504	4540
66	06_navigation	list_lifecycle	src/list.rs	4542	5119
67	07_watch	input_pause	src/watch.rs	723	828
68	07_watch	debounce_updates	src/watch/notify_event.rs	712	2301
69	07_watch	file_notifications	src/watch/notify_event.rs	2356	4880
70	07_watch	terminal_events	src/watch/terminal_event.rs	278	2227
71	07_watch	watch_model	src/watch/state.rs	1050	2034
72	07_watch	watch_run	src/watch/state.rs	2036	3239
73	07_watch	watch_reset	src/watch/state.rs	3241	4489
74	07_watch	watch_change	src/watch/state.rs	4491	4777
75	07_watch	watch_completion	src/watch/state.rs	4779	4989
76	07_watch	watch_advance	src/watch/state.rs	5056	5308
77	07_watch	watch_prompt	src/watch/state.rs	5310	6307
78	07_watch	watch_render	src/watch/state.rs	6309	8239
79	07_watch	watch_hint	src/watch/state.rs	8241	8447
80	07_watch	watch_check_all	src/watch/state.rs	8449	9275
81	07_watch	watch_resize	src/watch/state.rs	9277	9514
82	07_watch	watch_dispatch	src/watch.rs	1343	4731
83	07_watch	watch_list_transition	src/watch.rs	4733	5269
84	07_watch	watch_start	src/watch.rs	5338	6287
85	08_editors	editor_process	src/editor.rs	173	702
86	08_editors	editor_discovery	src/editor.rs	704	956
87	08_editors	editor_selection	src/editor.rs	1076	1958
88	08_editors	editor_launch	src/editor.rs	1960	3618
89	08_editors	editor_close	src/editor.rs	3620	3953
90	08_editors	editor_join	src/editor.rs	4078	4287
91	08_editors	pane_identifier	src/editor/zellij.rs	166	546
92	08_editors	pane_status	src/editor/zellij.rs	548	991
93	08_editors	pane_close	src/editor/zellij.rs	993	1215
94	08_editors	app_editor_start	src/app_state.rs	18866	19126
95	08_editors	app_editor_join	src/app_state.rs	19128	19270
96	08_editors	app_editor_close	src/app_state.rs	19272	19432
97	09_authoring	author_names	src/dev/check.rs	654	766
98	09_authoring	author_manifest	src/dev/check.rs	819	1822
99	09_authoring	author_catalog	src/dev/check.rs	1892	5097
100	09_authoring	author_file_inventory	src/dev/check.rs	5255	7050
101	09_authoring	author_unsolved	src/dev/check.rs	7052	8480
102	09_authoring	author_format	src/dev/check.rs	8482	9398
103	09_authoring	author_solutions	src/dev/check.rs	9531	12755
104	09_authoring	author_gate	src/dev/check.rs	12757	13584
105	09_authoring	author_directories	src/dev/new.rs	284	549
106	09_authoring	author_files	src/dev/new.rs	621	979
107	09_authoring	author_new_course	src/dev/new.rs	981	2428
108	09_authoring	author_update_manifest	src/dev/update.rs	172	700
109	09_authoring	author_update	src/dev/update.rs	702	1281
110	09_authoring	author_dispatch	src/dev.rs	680	1118
111	10_launch	embedded_macro	rustlings-macros/src/lib.rs	335	2279
112	10_launch	launch_dispatch	src/main.rs	549	5845
